{
    "accuracy": 0.6679518072289157,
    "precision": 0.770764119601329,
    "recall": 0.45714285714285713,
    "auc": 0.7255962450041825
}